Protocol Name,Sample ID,Sample Data Type,AC50 (uM),CC-v2,Efficacy,Max Resp,Structure,Metabolic Stability [m],Permeability [1e-6 cm/sec],Solubility [ug/ml],Drug Name,Assay Plate ID,Supplier ID,Supplier,Library,Log AC50 (M),Ligand Efficiency,Sample Name,Alias,CC-v1,LEC,BEI,SEI,Data Range,Inf Activity,Hill Coef,PValue,R2,AC50_2 (uM),Log AC50 2,Hill Coef 2,Fraction,Sample ID2,Tox21 ID,Zero Activity,User Flag,Max Read1,Max Data,Min Data,AUC,AUC Fit,Cmpd Plate ID,Comment,Log AC50-,Log AC50+,Inf Activity-,Inf Activity+,Custom 2,Custom 1,NCGC Unique ID,Mapping ID,Drug ID,Assay Name,Hash Key(24),MLSMR Compound Class,Primary MOA,Origin,Solvent,Salt Code,Purity,Purity Rating,MW,PubChem SID,CAS#,Gene Symbol,Gene ID,Tanimoto,Layer Index,Data Points,Mask No,Log Dye Conc,Report Flag,Assay Protocol ID,Mask Flags,Sample Replicate,Plate Replicate,Measure Time,Replicate IDs,Data Mode,Assay Outcome,Phenotype,Activity Score,Confirmation Flag,Control Flag,Conc ID,Experiment Set,Team,Scientist,IC50 (uM),Data0,Data1,Data2,Data3,Data4,Data5,Data6,Data7,Data8,Data9,Data10,Data11,Data12,Data13,Data14,Data15,Data16,Data17,Data18,Data19,Data20,Data21,Data22,Data23,Data24,Sample Data ID
APP-SARSCoV2-PLpro-f21-AMC-BiochemAssay-NPACT-Anti-infectives-cherrypicks,NCGC00242215-02,activity,13.961641,-2.2,-65.441,-48.74,C[C@@H](OC1=C(SC(=C1)[N]2C=NC3=C2C=C(OC4CCN(C)CC4)C=C3)C(N)=O)C5=C(Cl)C=CC=C5,null,null,null,null,H6091123,1625,Axon Medchem,null,-4.8551,null,GSK 461364 analogue I,null,-2.2,null,null,5.87,60.951,-55.441,1.626,0,0.988,null,null,null,null,null,null,10,null,null,12.211,-48.74,9.806,9.921,null,null,null,null,null,null,null,null,XRJWMFWNU8F9,GILNGUYOGYOZMP,null,APP-SARSCoV2_PLpro-Kales,jldlQaUybdBuypaMNE,null,null,null,null,null,null,null,511,377020281,929095-23-8,null,null,null,0,11,0,null,null,162462,0 0 0 0 0 0 0 0 0 0 0,1,1,null,null,null,null,null,null,1,null,298911543,KN01062023,null,HTS,39.840637,10.667,10.915,12.145,12.211,11.563,9.07,8.399,5.885,-1.107,-19.413,-48.74,null,null,null,null,null,null,null,null,null,null,null,null,null,null,258702264
APP-SARSCoV2-PLpro-f21-AMC-BiochemAssay-NPACT-Anti-infectives-cherrypicks,NCGC00386845-01,activity,22.12771,-2.2,-73.644,-57.684,OC(=O)C1=CC(=CC=C1)C2=CC=C(C=C2)C3=C[N](N=N3)C(=O)N4CCCCC4CC5=CC=CC=C5,null,null,null,null,H6091123,MLS004256821,Evotec,null,-4.6551,null,null,null,-2.2,null,null,5.265,59.382,-73.144,2.188,0,0.991,null,null,null,null,null,null,0.5,null,null,1.698,-57.684,-27.598,-26.8,null,null,null,null,null,null,null,null,ZTNNBMGVXW8Q,SSSCOJOXPDDHOO,null,APP-SARSCoV2_PLpro-Kales,sSiErWUrJZSyvRYNCG,null,null,null,null,null,null,null,466.5,363680462,null,null,null,null,0,11,0,null,null,162462,0 0 0 0 0 0 0 0 0 0 0,1,1,null,null,null,null,null,null,1,null,298911544,KN01062023,null,HTS,31.467423,1.693,1.576,1.698,1.61,1.205,0.556,-1.486,-1.892,-4.879,-16.31,-57.684,null,null,null,null,null,null,null,null,null,null,null,null,null,null,258702265
APP-SARSCoV2-PLpro-f21-AMC-BiochemAssay-NPACT-Anti-infectives-cherrypicks,NCGC00370745-01,activity,15.665219,-2.1,-118.563,-111.827,CC1=CC2=C(C=C(N=C2C(=C1)C)C3=NC=CC=C3)C(=O)NC4=CC=C(C=C4)[S+]([O-])(=O)NC5=C(C)C(=NO5)C,null,null,null,null,H6091123,GLXC-02605,Glixx,null,-4.8051,null,ML193,null,-2.1,null,null,3.608,118.888,-114.063,2.333,0,0.981,null,null,null,null,null,null,4.5,null,null,7.062,-111.827,-41.479,-39.962,null,null,null,null,null,null,null,null,GWCPPYYCWVPW,CXCHAEVXFLFOQD,null,APP-SARSCoV2_PLpro-Kales,wYrqBiIRjnzilaKqVe,null,G-protein coupled receptor 55 Antagonist,null,null,null,null,null,527.6,null,713121-80-3,null,null,null,0,11,0,null,null,162462,0 0 0 0 0 0 0 0 0 0 0,1,1,null,null,null,null,null,null,1,null,298911545,KN01062023,null,HTS,14.086487,5.297,7.033,7.062,4.36,5.75,3.725,4.428,1.316,-8.93,-35.295,-111.827,null,null,null,null,null,null,null,null,null,null,null,null,null,null,258702266
APP-SARSCoV2-PLpro-f21-AMC-BiochemAssay-NPACT-Anti-infectives-cherrypicks,NCGC00378823-01,activity,15.665219,-2.1,-113.076,-109.388,OC(=O)C1=CC=CC(=C1)CN2C(=O)\C(C3=C2C=CC=C3)=C(C4=CC=CC=C4)\C5=CC=C(Cl)C=C5,null,null,null,null,H6091123,HY-15840,MedChem Express,null,-4.8051,null,YLF-466D,null,-2.1,null,null,8.326,113.405,-111.576,2.406,0,0.988,null,null,null,null,null,null,1.5,null,null,4.016,-109.388,-54.207,-51.518,null,null,null,null,null,null,null,null,684DHCMVDY22,BPBOVHROVFJFAH,null,APP-SARSCoV2_PLpro-Kales,iWxTZIxnwhqYWtpqDI,null,AMPK alpha2/beta1/gamma1 Activator,null,null,null,null,null,465.9,363678222,1273323-67-3,null,null,null,0,11,0,null,null,162462,0 0 0 0 0 0 0 0 0 0 0,1,1,null,null,null,null,null,null,1,null,298911547,KN01062023,null,HTS,14.366558,4.016,2.472,2.789,3.804,-0.685,-0.012,0.431,-0.527,-7.446,-39.139,-109.388,null,null,null,null,null,null,null,null,null,null,null,null,null,null,258702268
APP-SARSCoV2-PLpro-f21-AMC-BiochemAssay-NPACT-Anti-infectives-cherrypicks,NCGC00386831-01,activity,13.961641,-2.1,-130.437,-105.301,CC(C)(C)C1=CC=C(C=C1)C(=O)NC2=C(C=C(Br)C(=C2)Cl)C(O)=O,null,null,null,null,H6091123,MLS003337117,Evotec,null,-4.8551,null,null,null,-2.1,null,null,7.301,128.486,-119.937,1.626,0,0.982,null,null,null,null,null,null,10.5,null,null,23.185,-105.301,-26.898,-26.159,null,null,null,null,null,null,null,null,ND4F4VNNVGG2,LWAMRPSNUXYBFU,null,APP-SARSCoV2_PLpro-Kales,SzuQbTZCHXridEWsxJ,null,null,null,null,null,null,null,410.7,363680455,null,null,null,null,0,11,0,null,null,162462,0 0 0 0 0 0 0 0 0 0 0,1,1,null,null,null,null,null,null,1,null,298913812,KN01062023,null,HTS,11.357964,10.885,10.317,9.414,11.793,23.185,9.059,7.743,2.14,-12.011,-49.037,-105.301,null,null,null,null,null,null,null,null,null,null,null,null,null,null,258702273
APP-SARSCoV2-PLpro-f21-AMC-BiochemAssay-NPACT-Anti-infectives-cherrypicks,NCGC00385808-01,activity,13.684415,-2.2,-97.755,-78.223,COC1=CC2=C(C=C(O2)C3=C(O)C=C(O)C=C3)C(=C1CC=C(C)C)OC,null,null,null,null,H6091123,NP-015156,Analyticon,null,-4.8638,null,null,null,-2.2,null,null,6.74,79.764,-97.255,2.121,0,0.999,null,null,null,null,null,null,0.5,null,null,1.541,-78.223,-51.949,-53,null,null,null,null,null,null,null,null,2URY131LCR3M,DKVBYQAVNNRVNN,null,APP-SARSCoV2_PLpro-Kales,VOrUjEDsYeRktvrzGU,null,<MOA Unknown> | Class: Shikimate | Genus: N/A | Family: N/A | Species: N/A,null,null,null,null,null,354.4,363679950,null,null,null,null,0,11,0,null,null,162462,0 0 0 0 0 0 0 0 0 0 0,1,1,null,null,null,null,null,null,1,null,298913813,KN01062023,null,HTS,14.053618,0.788,1.541,0.669,0.481,1.495,0.949,0.186,-0.867,-2.93,-27,-78.223,null,null,null,null,null,null,null,null,null,null,null,null,null,null,258702274
APP-SARSCoV2-PLpro-f21-AMC-BiochemAssay-NPACT-Anti-infectives-cherrypicks,NCGC00485899-01,activity,12.443326,-2.2,-52.03,-33.938,CN(C)C1=CC=C(NC(=O)N[S+]([O-])(=O)C2=CC=C(Cl)C=C2)C=C1,null,null,null,null,H6091123,HY-15383,MedChem Express,null,-4.9051,null,Glyparamide,null,-2.2,null,null,5.798,43.046,-45.03,0.9,0,0.972,null,null,null,null,null,null,7,null,null,9.108,-33.938,-3.057,-3.947,null,null,null,null,null,null,null,null,null,IQEIIHJGIUOQFH,null,APP-SARSCoV2_PLpro-Kales,SfdOYdVzOGlDJYhgKG,null,null,null,null,null,null,null,353.8,363681401,5581-42-0,null,null,null,0,11,0,null,null,162462,0 0 0 0 0 0 0 0 0 0 0,1,1,null,null,null,null,null,null,1,null,298913815,KN01062023,null,HTS,null,7.702,9.108,8.502,8.219,6.45,1.617,3.391,0.296,-7.996,-15.86,-33.938,null,null,null,null,null,null,null,null,null,null,null,null,null,null,258702276
APP-SARSCoV2-PLpro-f21-AMC-BiochemAssay-NPACT-Anti-infectives-cherrypicks,NCGC00387080-02,activity,10.806884,-2.2,-60.363,-38.165,CCCCCC1CC1CC2CC2CCCCCCCC(O)=O,null,null,null,null,H6091123,D5318,SIGMA,null,-4.9663,null,DCP-LA,null,-3,null,null,13.279,50.646,-49.863,2.303,0,0.987,null,null,null,null,null,null,10.5,null,null,12.481,-38.165,16.22,15.469,null,null,null,null,null,null,null,null,null,CONYTTFKIUJZOF,null,APP-SARSCoV2_PLpro-Kales,zjVPhmQCKFgRPWBPFl,null,null,null,null,null,null,null,308.5,377020504,28399-31-7,null,null,null,0,11,0,null,null,162462,0 0 0 0 0 0 0 0 0 0 0,1,1,null,null,null,null,null,null,1,null,298913816,KN01062023,null,HTS,null,7.814,11.814,12.131,12.38,11.266,9.307,12.481,8.86,6.651,-3.75,-38.165,null,null,null,null,null,null,null,null,null,null,null,null,null,null,258702277
APP-SARSCoV2-PLpro-f21-AMC-BiochemAssay-NPACT-Anti-infectives-cherrypicks,NCGC00387134-03,activity,15.665219,-2.1,-114.998,-111.383,CC1=CC(=C(C=C1C)[N+]([O-])=O)C2=CC=C(O2)/C=C/3SC(\NC3=O)=N/C4=CC(=C(Cl)C=C4)C(O)=O,null,null,null,null,H6091123,GLXC-01733,Glixx,null,-4.8051,null,PT1,null,-2.1,null,null,3.486,109.886,-120.293,2.048,0,0.985,null,null,null,null,null,null,-5.295,null,null,-1.496,-111.383,-86.446,-86.727,null,null,null,null,null,null,null,null,MF1YTQL7D9AW,RTHRCOIONCZINZ,null,APP-SARSCoV2_PLpro-Kales,qpIuyohORRiyOwliaw,null,null,null,null,null,null,null,497.9,377020318,331002-70-1,null,null,null,0,11,0,null,null,162462,0 0 0 0 0 0 0 0 0 0 0,1,1,null,null,null,null,null,null,1,null,298913817,KN01062023,null,HTS,13.264593,-6.698,-2.179,-4.218,-1.496,-3.298,-3.222,-4.154,-9.921,-21.561,-49.065,-111.383,null,null,null,null,null,null,null,null,null,null,null,null,null,null,258702278
APP-SARSCoV2-PLpro-f21-AMC-BiochemAssay-NPACT-Anti-infectives-cherrypicks,NCGC00246799-02,activity,13.961641,-2.1,-133.923,-100.699,CC1OC2=CC3=C(C(=CC(=C3C(=C2C(=O)C1C)O)O)O)C4=C(O)C=C(O)C5=C(O)C6=C(OC(C)C(C)C6=O)C=C45,>30,<8.5,53.46924,null,H6091123,NSC-345647,NCI,null,-4.8551,null,null,null,-2.1,null,null,2.789,102.789,-132.923,0.9,0,0.996,null,null,null,null,null,null,1,null,null,2.09,-100.699,-89.679,-87.926,null,null,null,null,null,null,null,null,1JWBSKP9HVJB,RHNVLFNWDGWACV,null,APP-SARSCoV2_PLpro-Kales,jaBmUcSEwIFXyeuxoi,null,null,null,null,null,null,null,546.5,377020446,null,null,null,null,0,11,0,null,null,162462,0 0 0 0 0 0 0 0 0 0 0,1,1,null,null,null,null,null,null,1,null,298913818,KN01062023,null,HTS,7.958327,1.1,2.09,2.038,0.63,1.245,-3.084,-6.944,-17.344,-33.513,-62.456,-100.699,null,null,null,null,null,null,null,null,null,null,null,null,null,null,258702279
APP-SARSCoV2-PLpro-f21-AMC-BiochemAssay-NPACT-Anti-infectives-cherrypicks,NCGC00378798-01,activity,22.12771,-2.2,-100.016,-75.012,FC1=CC=C(NC2=C(C=NC3=C(Cl)C=C(NCC4=C[N](CCN5CCCCCC5)N=N4)C=C23)C#N)C=C1Cl,null,null,null,null,H6091123,HY-32015,MedChem Express,null,-4.6551,null,Cot inhibitor-1,null,-2.2,null,null,4.911,80.515,-97.016,2.094,0,0.995,null,null,null,null,null,null,3,null,null,5.503,-75.012,-25.079,-25.463,null,null,null,null,null,null,null,null,ZUY5M67NP5M9,ZWFKJFUFYPOTKL,null,APP-SARSCoV2_PLpro-Kales,BdlQSDuHxLexHfbDjp,null,Mitogen-activated protein kinase kinase kinase 8 Inhibitor,null,null,null,null,null,553.5,363678205,915365-57-0,null,null,null,0,11,0,null,null,162462,0 0 0 0 0 0 0 0 0 0 0,1,1,null,null,null,null,null,null,1,null,298913821,KN01062023,null,HTS,22.787707,1.63,0.198,3.327,3.232,3.359,3.089,4.271,5.503,-2.725,-20.62,-75.012,null,null,null,null,null,null,null,null,null,null,null,null,null,null,258702282
APP-SARSCoV2-PLpro-f21-AMC-BiochemAssay-NPACT-Anti-infectives-cherrypicks,NCGC00370998-03,activity,17.576665,-2.2,-90.544,-74.655,OC(=O)CCC1=C(F)C=C(NCC2=C3CCCN(CCOC4=CC=CC=C4)C3=CC=C2)C=C1,null,null,null,null,H6091123,M60221-2s,XcessBio,null,-4.7551,null,AS2034178,null,-2.2,null,null,7.682,87.72,-81.044,4.095,0,0.986,null,null,null,null,null,null,9.5,null,null,13.065,-74.655,6.639,6.206,null,null,null,null,null,null,null,null,CMAS37DR9VJQ,VENOXIKBBUVHRY,null,APP-SARSCoV2_PLpro-Kales,ODgNuhqWKrAUFyMkIn,null,Free fatty acid receptor 1 Agonist,null,null,null,null,null,448.5,363677985,1030846-42-4,FFAR1,2864,null,0,11,0,null,null,162462,0 0 0 0 0 0 0 0 0 0 0,1,1,null,null,null,null,null,null,1,null,298913822,KN01062023,null,HTS,19.74625,13.065,11.587,11.669,11.444,11.618,8.831,9.009,8.202,2.302,-14.518,-74.655,null,null,null,null,null,null,null,null,null,null,null,null,null,null,258702283
APP-SARSCoV2-PLpro-f21-AMC-BiochemAssay-NPACT-Anti-infectives-cherrypicks,NCGC00476185-01,activity,6.236436,-1.2,-90.322,-78.274,CC1=CC=CC=C1SC2=CC=C(\C=C/3SC(=S)NC3=O)C=C2[N+]([O-])=O,null,null,null,null,H6091123,5211,Tocris,null,-5.2051,null,AM-TS23,null,-1.2,null,null,6.938,84.699,-85.322,1.479,0,0.999,null,null,null,null,null,null,5,null,null,6.425,-78.274,-58.707,-58.742,null,null,null,null,null,null,null,null,null,SHKDXDWJERWCHI,null,APP-SARSCoV2_PLpro-Kales,gaWhqMfTgmbiVdWKcl,null,null,null,null,null,null,null,388.5,377020507,[1489285-17-7],null,null,null,0,11,0,null,null,162462,0 0 0 0 0 0 0 0 0 0 0,1,1,null,null,null,null,null,null,1,null,298913823,KN01062023,null,HTS,7.888612,5.251,5.354,5.063,4.617,6.425,3.777,2.456,-3.61,-28.943,-65.488,-78.274,null,null,null,null,null,null,null,null,null,null,null,null,null,null,258702284
APP-SARSCoV2-PLpro-f21-AMC-BiochemAssay-NPACT-Anti-infectives-cherrypicks,NCGC00263219-03,activity,6.077157,-2.2,-74.649,-74.658,COC1=C2NC3=C(C=CC=C3C(=O)NC4=CC=C(CCN5CCC6=C(C5)C=C(OC)C(=C6)OC)C=C4)C(=O)C2=CC=C1,null,null,null,null,H6091123,S7772,Selleck,null,-5.2163,null,Elacridar,null,-2.2,null,null,5.846,69.256,-80.631,1.692,0,0.995,null,null,null,null,null,null,-5.982,null,null,-5.402,-74.658,-99.822,-98.703,null,null,null,null,null,null,null,null,QHLT4B2TZS8Q,OSFCMRGOZNQUSW,null,APP-SARSCoV2_PLpro-Kales,vXjLFEKJriwEIPfEMr,null,P-Glycoprotein (MDR-1) Inhibitor,null,null,null,null,null,563.6,384568673,143664-11-3,ABCBA,null,null,0,11,0,null,null,162462,0 0 0 0 0 0 0 0 0 0 0,1,1,null,null,null,null,null,null,1,null,298913824,KN01062023,null,HTS,8.117906,-5.531,-5.842,-6.523,-6.364,-6.455,-5.835,-5.402,-6.006,-20.103,-44.054,-74.658,null,null,null,null,null,null,null,null,null,null,null,null,null,null,258702285
APP-SARSCoV2-PLpro-f21-AMC-BiochemAssay-NPACT-Anti-infectives-cherrypicks,NCGC00015480-15,activity,15.665219,-2.1,-93.731,-90.913,CC(C)(SC1=CC=C(CCN(CCCCC2CCCCC2)C(=O)NC3CCCCC3)C=C1)C(O)=O,null,null,null,null,H6091123,1677,Tocris,null,-4.8051,null,GW-7647,null,-2.1,null,null,6.89,95.451,-92.731,2.333,0,0.983,null,null,null,null,null,null,1,null,null,4.538,-90.913,-46.276,-44.047,null,null,null,null,null,null,null,null,LALUWT63KL1L,PKNYXWMTHFMHKD,null,APP-SARSCoV2_PLpro-Kales,bDKlQtEvaHVuMEWPaK,null,PPARalpha Agonist,null,null,null,null,null,502.8,null,[265129-71-3],PPARA,null,null,0,11,0,null,null,162462,0 0 0 0 0 0 0 0 0 0 0,1,1,null,null,null,null,null,null,1,null,298913825,KN01062023,null,HTS,16.756305,-1.885,-0.641,0.766,2.576,4.538,3.464,1.765,-0.396,-9.75,-34.117,-90.913,null,null,null,null,null,null,null,null,null,null,null,null,null,null,258702286
APP-SARSCoV2-PLpro-f21-AMC-BiochemAssay-NPACT-Anti-infectives-cherrypicks,NCGC00370874-01,activity,22.12771,-2.2,-89.794,-79.831,CC1=C(CCC(O)=O)C(=C([NH]1)\C=C2/C(=O)NC3=CC(=CC=C23)C4=CC=CC=C4)C,null,null,null,null,H6091123,3304,Tocris,null,-4.6551,null,SU 16f,null,-2.2,null,null,5.657,74.345,-96.377,2.533,0,0.999,null,null,null,null,null,null,-6.583,null,null,-5.486,-79.831,-67.247,-66.753,null,null,null,null,null,null,null,null,F71NLHHLZJ8U,APYYTEJNOZQZNA,null,APP-SARSCoV2_PLpro-Kales,fMCjoYxSQozUeULWBr,null,Platelet-derived growth factor receptor beta Inhibitor,null,null,null,null,null,386.4,363677902,3304,null,null,null,0,11,0,null,null,162462,0 0 0 0 0 0 0 0 0 0 0,1,1,null,null,null,null,null,null,1,null,298913828,KN01062023,null,HTS,22.794482,-5.812,-8.014,-7.357,-7.049,-6.213,-5.584,-7.004,-5.486,-8.339,-26.572,-79.831,null,null,null,null,null,null,null,null,null,null,null,null,null,null,258702289
APP-SARSCoV2-PLpro-f21-AMC-BiochemAssay-NPACT-Anti-infectives-cherrypicks,NCGC00485432-01,activity,12.443326,-2.1,-155.648,-116.241,CC(C)[C@]12C[C@H]1\C(=C/C2=O)C,null,null,null,null,H6091123,SML0782,SIGMA,null,-4.9051,null,(-)-Umbellulone,null,-2.1,null,null,28.568,124.533,-150.648,1.111,0,0.998,null,null,null,null,null,null,5,null,null,8.292,-116.241,-83.575,-82.393,null,null,null,null,null,null,null,null,null,LTTVJAQLCIHAFV,null,APP-SARSCoV2_PLpro-Kales,uOjnwNcasqFVRSmiNy,null,Transient receptor potential cation channel subfamily M member 8 Agonist,null,null,null,null,null,150.2,363681336,546-78-1,null,null,null,0,11,0,null,null,162462,0 0 0 0 0 0 0 0 0 0 0,1,1,null,null,null,null,null,null,1,null,298913829,KN01062023,null,HTS,6.629126,8.292,6.74,5.751,6.017,2.241,1.734,-1.652,-9.704,-31.056,-77.228,-116.241,null,null,null,null,null,null,null,null,null,null,null,null,null,null,258702290
APP-SARSCoV2-PLpro-f21-AMC-BiochemAssay-NPACT-Anti-infectives-cherrypicks,NCGC00169660-02,activity,9.687824,-2.2,-81.122,-72.178,OC(=O)C1=C(CCCCCCC\C=C/C/C=C\CC=C)C=CC=C1O,null,null,null,null,H6091123,NP-002329,Analyticon,null,-5.0138,null,null,null,-2.2,null,null,8.7,83.183,-73.622,2.333,0,0.984,null,null,null,null,null,null,7.5,null,null,11.005,-72.178,-22.417,-20.015,null,null,null,null,null,null,null,null,BTU54LCVLNKY,QUVGEKPNSCFQIR,null,APP-SARSCoV2_PLpro-Kales,RqAmtieIfYwDRYbTkv,null,<MOA Unknown> | Class: aromatic polyketide | Genus: Anacardium | Family: Anacardiaceae | Species: occidentale,null,null,null,null,null,342.5,363676857,null,null,null,null,0,11,0,null,null,162462,0 0 0 0 0 0 0 0 0 0 0,1,1,null,null,null,null,null,null,1,null,298913832,KN01062023,null,HTS,13.35996,5.709,8.372,11.005,8.152,8.898,7.673,4.143,6.11,-1.85,-25.018,-72.178,null,null,null,null,null,null,null,null,null,null,null,null,null,null,258702293
APP-SARSCoV2-PLpro-f21-AMC-BiochemAssay-NPACT-Anti-infectives-cherrypicks,NCGC00346541-08,activity,13.961641,-2.2,-81.114,-77.269,COC1=CC(=CC(=C1)NC2=NC3=CC=CC=C3N=C2N[S+]([O-])(=O)C4=CC=C(NC(=O)C5=CC=C(C)C(=C5)OC)C=C4)OC,null,null,null,null,H6091123,GLXC-04824,Glixx,null,-4.8551,null,XL-765,null,-2.2,null,null,3.306,76.572,-83.451,1.928,0,0.995,null,null,null,null,null,null,-2.337,null,null,-0.698,-77.269,-58.969,-58.334,null,null,null,null,null,null,null,null,FF3WUQZ5M25G,KMIWOICBVVQOIM,null,APP-SARSCoV2_PLpro-Kales,zgrqRclJQvklmIFkOM,null,mTORC1/2 Inhibitor,null,null,null,null,null,599.7,363677448,1349796-36-6,MTOR,null,null,0,11,0,null,null,162462,0 0 0 0 0 0 0 0 0 0 0,1,1,null,null,null,null,null,null,1,null,298913833,KN01062023,null,HTS,17.197485,-2.936,-1.309,-1.7,-1.117,-0.698,-2.63,-3.09,-4.189,-13.317,-39.465,-77.269,null,null,null,null,null,null,null,null,null,null,null,null,null,null,258702294
APP-SARSCoV2-PLpro-f21-AMC-BiochemAssay-NPACT-Anti-infectives-cherrypicks,NCGC00370963-01,activity,13.961641,-2.1,-125.823,-114.188,CC(C)C1=C2N=C(C=C(C3=CC=CC=C3)C2=CC=C1)C4=CC=C([NH]4)C5=CC=C(C=C5)C(O)=O,null,null,null,null,H6091123,3823,Tocris,null,-4.8551,null,ER 50891,null,-2.1,null,null,7.347,119.601,-123.323,1.928,0,0.993,null,null,null,null,null,null,2.5,null,null,5.413,-114.188,-63.557,-60.656,null,null,null,null,null,null,null,null,H82QVSUK2NXG,LSGNKLDHMQVTEK,null,APP-SARSCoV2_PLpro-Kales,bzsrBywyBTLAwgaiFR,null,Retinoic acid receptor alpha Antagonist,null,null,null,null,null,432.5,363677960,3823,null,null,null,0,11,0,null,null,162462,0 0 0 0 0 0 0 0 0 0 0,1,1,null,null,null,null,null,null,1,null,298913836,KN01062023,null,HTS,11.447436,5.413,4.189,4.314,4.174,2.132,2.113,-0.333,-3.287,-13.656,-54.861,-114.188,null,null,null,null,null,null,null,null,null,null,null,null,null,null,258702297
APP-SARSCoV2-PLpro-f21-AMC-BiochemAssay-NPACT-Anti-infectives-cherrypicks,NCGC00093700-06,activity,11.090126,-2.2,-63.774,-55.065,O=C1NC(=O)C2=C1C=C(NC3=CC=CC=C3)C(=C2)NC4=CC=CC=C4,null,null,null,null,H6091123,3360,Tocris,null,-4.9551,null,CGP 52411,null,-2.2,null,null,7.045,59.629,-61.274,1.808,0,0.991,null,null,null,null,null,null,2.5,null,null,4.564,-55.065,-31.878,-30.822,null,null,null,null,null,null,null,null,ZFUNPRWH8WQD,AAALVYBICLMAMA,null,APP-SARSCoV2_PLpro-Kales,lmSvEMErSEzAuiKhYg,null,Protein kinase C beta type Inhibitor,null,null,null,null,null,329.4,null,[145915-58-8],PRKCB,5579,null,0,11,0,null,null,162462,0 0 0 0 0 0 0 0 0 0 0,1,1,null,null,null,null,null,null,1,null,298913837,KN01062023,null,HTS,25.277874,4.406,3.435,4.564,3.281,2.626,0.979,-0.623,-2.482,-5.977,-35.903,-55.065,null,null,null,null,null,null,null,null,null,null,null,null,null,null,258702298
APP-SARSCoV2-PLpro-f21-AMC-BiochemAssay-NPACT-Anti-infectives-cherrypicks,NCGC00160392-03,activity,4.415059,-2.2,-79.213,-70.969,COC(=O)C1=CC=C(O)C2=NC3=C(N=C12)C(=CC(=C3C=O)O)O,null,null,null,null,H6091123,A245,BIOMOL,null,-5.3551,0.32,LOMOFUGIN,null,-2.2,null,17.035,4.121,69.976,-80.905,0.9,0,0.998,null,null,null,null,null,null,-1.692,null,null,-0.993,-70.969,-95.671,-96.043,null,null,null,null,null,null,null,null,53DPBVYGBF9M,CRANETCJDDEINO,7393749;,APP-SARSCoV2_PLpro-Kales,AuYEZjmKUTkqwqjAPI,null,null,null,null,null,null,null,314.2,124892264,null,null,null,null,0,11,0,null,null,162462,0 0 0 0 0 0 0 0 0 0 0,1,1,null,null,null,null,null,null,1,null,298913838,KN01062023,null,HTS,7.535224,-4.317,-0.993,-1.11,-2.427,-2.447,-5.065,-11.804,-23.338,-40.771,-60.246,-70.969,null,null,null,null,null,null,null,null,null,null,null,null,null,null,258702299
APP-SARSCoV2-PLpro-f21-AMC-BiochemAssay-NPACT-Anti-infectives-cherrypicks,NCGC00370868-01,activity,15.665219,-2.1,-99.661,-97.217,CCCCCOC1=CC2=C(C=C1C3=C(O)C=CC(=C3)\C=C\C(O)=O)C(C)(C)CCC2(C)C,null,null,null,null,H6091123,3303,Tocris,null,-4.8051,null,UVI 3003,null,-2.1,null,null,7.187,99.511,-99.161,2.406,0,0.988,null,null,null,null,null,null,0.5,null,null,2.294,-97.217,-51.99,-49.409,null,null,null,null,null,null,null,null,WDYK5ZC7YX2N,APJSHECCIRQQDV,null,APP-SARSCoV2_PLpro-Kales,vqaBerCbAYuHXNBNHl,null,Retinoid X receptor beta Antagonist,null,null,null,null,null,436.6,363677897,3303,null,null,null,0,11,0,null,null,162462,0 0 0 0 0 0 0 0 0 0 0,1,1,null,null,null,null,null,null,1,null,298913841,KN01062023,null,HTS,15.77578,2.014,2.284,0.081,2.294,1.418,-1.412,-1.121,-2.125,-7.577,-35.107,-97.217,null,null,null,null,null,null,null,null,null,null,null,null,null,null,258702302
APP-SARSCoV2-PLpro-f21-AMC-BiochemAssay-NPACT-Anti-infectives-cherrypicks,NCGC00370923-11,activity,12.443326,-2.2,-86.332,-59.321,C\C1=C(C(C2=CC=C(C=C2)[N+]([O-])=O)C\3=C(CC(C)(C)CC3=O)/N1)/C(=O)OC4CCCCC4,null,null,null,null,H6091123,GLXC-04070,Glixx,null,-4.9051,null,FLI-06,null,-2.2,null,null,4.841,72.921,-74.832,1.1,0,0.985,null,null,null,null,null,null,11.5,null,null,13.6,-59.321,-3.804,-3.358,null,null,null,null,null,null,null,null,T3NW9DX5S8M1,SWWVFYHSSOWZMF,null,APP-SARSCoV2_PLpro-Kales,XaIAhfhNyUPVgZdneU,null,Notch signaling pathway Inhibitor,null,null,null,null,null,438.5,363677937,313967-18-9,null,null,null,0,11,0,null,null,162462,0 0 0 0 0 0 0 0 0 0 0,1,1,null,null,null,null,null,null,1,null,298913842,KN01062023,null,HTS,23.51088,12.148,13.522,13.123,13.6,10.542,6.583,6.772,1.704,-10.103,-27.864,-59.321,null,null,null,null,null,null,null,null,null,null,null,null,null,null,258702303
APP-SARSCoV2-PLpro-f21-AMC-BiochemAssay-NPACT-Anti-infectives-cherrypicks,NCGC00347955-04,activity,19.721343,-2.1,-91.481,-81.046,C[C@H](NC(=O)C1=CC2=C(C=C1)[N](CC3=CC=C(C=C3)C4=CC=CC=C4C(O)=O)C(=C2C)C)C5=CC=C(C=C5)[N+]([O-])=O,null,null,null,null,H6091123,MLS003672599,Evotec,null,-4.7051,null,SR-1664,null,-2.1,null,null,4.013,87.164,-87.981,4.095,0,0.987,null,null,null,null,null,null,3.5,null,null,6.118,-81.046,-18.429,-19.475,null,null,null,null,null,null,null,null,43KH154LP4RR,IIJDFXNUWZTHIM,null,APP-SARSCoV2_PLpro-Kales,okJcTazreStegsdcOm,null,PPARgamma Modulator,null,null,null,null,null,547.6,363677732,null,PPARG,null,null,0,11,0,null,null,162462,0 0 0 0 0 0 0 0 0 0 0,1,1,null,null,null,null,null,null,1,null,298913843,KN01062023,null,HTS,21.090949,4.803,5.644,4.867,5.267,4.669,6.118,3.999,4.548,-3.657,-15.203,-81.046,null,null,null,null,null,null,null,null,null,null,null,null,null,null,258702304
APP-SARSCoV2-PLpro-f21-AMC-BiochemAssay-NPACT-Anti-infectives-cherrypicks,NCGC00378562-01,activity,12.443326,-2.2,-70.745,-63.758,CCC(SC1=NN=C2C(=N1)[NH]C3=C2C=CC=C3)C(=O)N4C5=C(SC6=CC=CC=C46)C=CC=C5,null,null,null,null,H6091123,HY-15869,MedChem Express,null,-4.9051,null,Inauhzin,null,-2.2,null,null,6.551,63.121,-73.009,1.626,0,0.997,null,null,null,null,null,null,-2.264,null,null,-0.637,-63.758,-56.022,-56.059,null,null,null,null,null,null,null,null,VGVNFU6DZSSC,VHUOXERIKQWIJE,null,APP-SARSCoV2_PLpro-Kales,BGdmZfMfeRfQZtMMEr,null,null,null,null,null,null,null,469.6,null,309271-94-1,null,null,null,0,11,0,null,null,162462,0 0 0 0 0 0 0 0 0 0 0,1,1,null,null,null,null,null,null,1,null,298913844,KN01062023,null,HTS,20.056265,-2.276,-1.171,-4.524,-2.956,-0.637,-2.313,-3.163,-2.749,-14.565,-39.141,-63.758,null,null,null,null,null,null,null,null,null,null,null,null,null,null,258702305
APP-SARSCoV2-PLpro-f21-AMC-BiochemAssay-NPACT-Anti-infectives-cherrypicks,NCGC00485412-01,activity,13.961641,-2.1,-102.017,-93.071,CCCCCCCOC1=C(C=C2C(=C1)[S+]([O-])(=O)CCC2(C)C)C(/C)=C/C3=CC=C(C=C3)C(O)=O,null,null,null,null,H6091123,SML0573,SIGMA,null,-4.8551,null,Ro 41-5253,null,-2.1,null,null,6.011,97.718,-100.517,1.928,0,0.991,null,null,null,null,null,null,1.5,null,null,4.647,-93.071,-53.587,-51.746,null,null,null,null,null,null,null,null,null,KVAQYWVGSOFHIB,null,APP-SARSCoV2_PLpro-Kales,icePAujXrBjlOwxlrv,null,Retinoic acid receptor gamma Antagonist,null,null,null,null,null,484.6,363681325,144092-31-9,null,null,null,0,11,0,null,null,162462,0 0 0 0 0 0 0 0 0 0 0,1,1,null,null,null,null,null,null,1,null,298913845,KN01062023,null,HTS,13.887403,4.148,3.488,4.647,3.862,1.811,1.129,-0.751,-3.58,-13.068,-46.147,-93.071,null,null,null,null,null,null,null,null,null,null,null,null,null,null,258702306
APP-SARSCoV2-PLpro-f21-AMC-BiochemAssay-NPACT-Anti-infectives-cherrypicks,NCGC00263094-06,activity,12.443326,-2.2,-83.607,-69.081,CC1=CSC(=C1)C2=NN=C(NC3=CC=C(OC4=C(C=CC=N4)C5=CC=NC(=N5)N)C=C3)C6=C2C=CC=C6,null,null,null,null,H6091123,HY-13253,MedChem Express,null,-4.9051,null,AMG-900,null,-2.2,null,null,4.386,78.701,-74.607,1.989,0,0.998,null,null,null,null,null,null,9,null,null,9.62,-69.081,-8.877,-8.23,null,null,null,null,null,null,null,null,HNC28G32NUV8,IVUGFMLRJOCGAS,null,APP-SARSCoV2_PLpro-Kales,CBkzdWZTOqLKNfNLCl,null,Aurora-A/B/C Kinase Inhibitor,null,null,null,null,null,503.6,363677198,945595-80-2,AURKA,null,null,0,11,0,null,null,162462,0 0 0 0 0 0 0 0 0 0 0,1,1,null,null,null,null,null,null,1,null,298913846,KN01062023,null,HTS,17.772989,9.38,9.62,7.611,8.92,8.903,8.259,8.074,7.86,-0.959,-32.761,-69.081,null,null,null,null,null,null,null,null,null,null,null,null,null,null,258702307
APP-SARSCoV2-PLpro-f21-AMC-BiochemAssay-NPACT-Anti-infectives-cherrypicks,NCGC00387530-01,activity,22.12771,-2.2,-74.363,-56.714,COC1=CC=C2C(=C1O)OC(C)(C)C3=C2C=CC4=C3C(=O)N(C4=O)C5=CC=C(C=C5)C(=O)C6=CC=CC=C6,null,null,null,null,H6091123,10631,Cayman,null,-4.6551,null,Ampkinone,null,-2.2,null,null,4.993,58.991,-73.363,2.121,0,0.997,null,null,null,null,null,null,1,null,null,2.277,-56.714,-25.71,-24.841,null,null,null,null,null,null,null,null,HPPYF3YW4J7N,BRRCHDIWBKOMEC,null,APP-SARSCoV2_PLpro-Kales,TyIKeNJwXJtgeatYlB,null,null,null,null,null,null,null,505.5,377020408,1233082-79-5,null,null,null,0,11,0,null,null,162462,0 0 0 0 0 0 0 0 0 0 0,1,1,null,null,null,null,null,null,1,null,298913848,KN01062023,null,HTS,31.675723,0.775,-1.438,1.252,2.277,1.607,0.676,0.424,0.459,-1.369,-18.077,-56.714,null,null,null,null,null,null,null,null,null,null,null,null,null,null,258702309
APP-SARSCoV2-PLpro-f21-AMC-BiochemAssay-NPACT-Anti-infectives-cherrypicks,NCGC00095624-03,activity,19.721343,-2.2,-66.243,-51.457,COC1=CC2=C(C(=C1)O)C(=O)\C(=C(/O2)C3=CC(=C(O)C=C3)O)O,null,null,null,RHAMNETINE;7-methoxy-quercetin;rhamnetin;NCGC00095624-02;Rhamnetin;RHAMNETIN;NCGC00095624-01;CIPLUS_150026;,H6091123,BSPBio_003125,Broad,null,-4.7051,0.281,RHAMNETINE,null,-3,null,14.872,3.941,64.95,-55.743,4.095,0,0.982,null,null,null,null,null,null,10.5,null,null,13.493,-51.457,24.042,24.689,null,null,null,null,null,null,null,null,Z5HZHFWCFKH2,JGUZGNYPMHHYRK,7380035;,APP-SARSCoV2_PLpro-Kales,lLXlTaqQJbiEXVkSsX,null,null,null,null,null,null,null,316.3,124891931,null,null,null,null,0,11,0,null,null,162462,0 0 0 0 0 0 0 0 0 0 0,1,1,null,null,null,null,null,null,1,null,298913850,KN01062023,null,HTS,33.453428,13.41,12.234,12.916,13.493,10.983,9.499,10.07,7.311,5.301,-1.757,-51.457,null,null,null,null,null,null,null,null,null,null,null,null,null,null,258702311
APP-SARSCoV2-PLpro-f21-AMC-BiochemAssay-NPACT-Anti-infectives-cherrypicks,NCGC00370685-02,activity,8.8092,-2.1,-99.433,-79.312,CC(C)C[C@H](C(O)=O)C1=CC(=CC(=C1)C2=CC=C(C=C2)C(F)(F)F)C3=CC=C(C=C3)C(F)(F)F,null,null,null,null,H6091123,SYN-5024,SynKinase,null,-5.0551,null,JNJ-40418677,null,-2.2,null,null,13.516,92.191,-87.433,1.558,0,0.999,null,null,null,null,null,null,12,null,null,12.879,-79.312,-19.283,-18.732,null,null,null,null,null,null,null,null,6PSU8A11WRKV,RQOWDDLKGBMJFX,null,APP-SARSCoV2_PLpro-Kales,UMsUnMKpBwOAStKrJY,null,Gamma-secretase Inhibitor,null,null,null,null,null,480.4,363677808,1146594-87-7,null,null,null,0,11,0,null,null,162462,0 0 0 0 0 0 0 0 0 0 0,1,1,null,null,null,null,null,null,1,null,298913851,KN01062023,null,HTS,10.607814,11.545,12.879,11.143,12.334,12.225,10.535,9.855,5.719,-11.932,-52.891,-79.312,null,null,null,null,null,null,null,null,null,null,null,null,null,null,258702312
APP-SARSCoV2-PLpro-f21-AMC-BiochemAssay-NPACT-Anti-infectives-cherrypicks,NCGC00379183-02,activity,13.961641,-2.1,-113.25,-100.657,COC1=CC(=CC=C1)[N]2N=C(C=C2C3=CC(=C(C=C3)C4CCCCC4)Cl)C(O)=O,null,null,null,null,H6091123,4708_CM1,Tocris,null,-4.8551,null,TC LPA5 4,null,-2.1,null,null,null,107.175,-114.75,1.692,0,0.988,null,null,null,null,null,null,-1.5,null,null,6.517,-100.657,-73.736,-73.996,null,null,null,null,null,null,null,null,null,BNALUYKEGYUHQC,null,APP-SARSCoV2_PLpro-Kales,mvUfrlVSduGBUwtclu,null,Lysophosphatidic acid receptor 5 Antagonist,null,null,null,null,null,null,387065820,[1393814-38-4],null,null,null,0,11,0,null,null,162462,0 0 0 0 0 0 0 0 0 0 0,1,1,null,null,null,null,null,null,1,null,298913852,KN01062023,null,HTS,11.984027,-4.883,-1.224,-2.081,-3.798,-1.104,-2.628,6.517,-6.967,-17.548,-52.129,-100.657,null,null,null,null,null,null,null,null,null,null,null,null,null,null,258702313
APP-SARSCoV2-PLpro-f21-AMC-BiochemAssay-NPACT-Anti-infectives-cherrypicks,NCGC00351476-01,activity,17.576665,-2.2,-89.982,-76.123,CCC1=NN=C(N[S+]([O-])(=O)C2=CC=C(NC(=S)NC(=O)\C=C\C3=CC=C(F)C=C3)C=C2)S1,null,null,null,null,H6091123,TG6-129,Emory,null,-4.7551,null,TG6-129,null,-2.2,null,null,3.99,85.518,-82.482,4.095,0,0.991,null,null,null,null,null,null,7.5,null,null,9.395,-76.123,-2.097,-3.286,null,null,null,null,null,null,null,null,GRTRFY8T3SUP,LLNKSKSOWANMQH,null,APP-SARSCoV2_PLpro-Kales,UTdlPfSRqADYKVFuJB,null,null,null,null,null,null,null,491.6,363677750,null,null,null,null,0,11,0,null,null,162462,0 0 0 0 0 0 0 0 0 0 0,1,1,null,null,null,null,null,null,1,null,298913854,KN01062023,null,HTS,19.529068,5.462,8.461,8.282,8.145,9.178,9.2,9.395,5.606,1.756,-13.349,-76.123,null,null,null,null,null,null,null,null,null,null,null,null,null,null,258702315
APP-SARSCoV2-PLpro-f21-AMC-BiochemAssay-NPACT-Anti-infectives-cherrypicks,NCGC00485182-01,activity,19.721343,-2.2,-84.334,-73.359,CC/1=C(/C(NC(=O)N1CCCCCC(O)=O)C2=CC=C(C=C2)C3=CC=CC=C3)C(=O)OCC4=CC=CC=C4,null,null,null,null,H6091123,E1036,SIGMA,null,-4.7051,null,116-9e,null,-2.2,null,null,4.899,79.931,-79.334,4.095,0,0.994,null,null,null,null,null,null,5,null,null,6.571,-73.359,-9.756,-9.317,null,null,null,null,null,null,null,null,null,GHFQWLNXJMUCGC,null,APP-SARSCoV2_PLpro-Kales,dWcylHJdCgiELoWZGg,null,Chaperone protein DnaK Inhibitor,null,null,null,null,null,512.6,363681250,831217-43-7,dnaK,944750,null,0,11,0,null,null,162462,0 0 0 0 0 0 0 0 0 0 0,1,1,null,null,null,null,null,null,1,null,298913855,KN01062023,null,HTS,22.464312,3.216,6.025,4.267,6.265,5.635,5.571,6.571,6.306,1.451,-12.3,-73.359,null,null,null,null,null,null,null,null,null,null,null,null,null,null,258702316
APP-SARSCoV2-PLpro-f21-AMC-BiochemAssay-NPACT-Anti-infectives-cherrypicks,NCGC00485952-01,activity,17.576665,-2.1,-86.253,-67.926,CC1=C(C(=CC(=C1)OCCC[S+](C)([O-])=O)C)C2=CC=CC(=C2)COC3=CC=C(C=C3)/C4=C/C(=O)N[S+]4[O-],null,null,null,null,H6091123,HY-12647,MedChem Express,null,-4.7551,null,GPR40 Activator 2,null,-2.2,null,null,4.535,82.413,-73.753,4.095,0,0.992,null,null,null,null,null,null,12.5,null,null,14.487,-67.926,23.773,22.714,null,null,null,null,null,null,null,null,null,UNAJQABOJCUYHE,null,APP-SARSCoV2_PLpro-Kales,xzfrStzFsNcNwhHgDl,null,Free fatty acid receptor 1 Agonist,null,null,null,null,null,539.7,363681439,1312787-30-6,FFAR1,2864,null,0,11,0,null,null,162462,0 0 0 0 0 0 0 0 0 0 0,1,1,null,null,null,null,null,null,1,null,298913856,KN01062023,null,HTS,21.080269,9.313,11.718,14.225,13.97,14.487,13.147,14.104,13.403,10.478,-12.356,-67.926,null,null,null,null,null,null,null,null,null,null,null,null,null,null,258702317
APP-SARSCoV2-PLpro-f21-AMC-BiochemAssay-NPACT-Anti-infectives-cherrypicks,NCGC00386680-01,activity,9.884085,-2.1,-99.857,-84.954,[O-][S+](=O)(NC1=CC(=C(OC2=CC3=CC=CC=C3N=C2)C(=C1)Cl)Cl)C4=CC=C(Cl)C=C4Cl,null,null,null,null,H6091123,2019,Axon Medchem,null,-5.0051,null,INT 131,null,-2.1,null,null,6.729,88.703,-97.357,1.416,0,0.999,null,null,null,null,null,null,2.5,null,null,3.749,-84.954,-62.369,-61.56,null,null,null,null,null,null,null,null,S3UQPK513NF7,WVIFOHDMGJBTDF,null,APP-SARSCoV2_PLpro-Kales,uVrKmsOkivSYaRuIcZ,null,Peroxisome proliferator-activated receptor gamma Partial Agonist,null,null,null,null,null,514.2,363680393,315224-26-1,null,null,null,0,11,0,null,null,162462,0 0 0 0 0 0 0 0 0 0 0,1,1,null,null,null,null,null,null,1,null,298913858,KN01062023,null,HTS,10.270414,3.075,2.398,3.749,1.724,2.252,1.22,-0.145,-4.692,-20.238,-58.484,-84.954,null,null,null,null,null,null,null,null,null,null,null,null,null,null,258702319
APP-SARSCoV2-PLpro-f21-AMC-BiochemAssay-NPACT-Anti-infectives-cherrypicks,NCGC00188344-09,activity,12.443326,-2.2,-80.978,-66.232,CC1(C)CCC(=C(CN2CCN(CC2)C3=CC=C(C=C3)C(=O)N[S+]([O-])(=O)C4=CC(=C(N[C@H](CCN5CCOCC5)CSC6=CC=CC=C6)C=C4)[S+]([O-])(=O)C(F)(F)F)\C1)/C7=CC=C(Cl)C=C7,null,null,null,null,H6091123,A10022,Adooq,null,-4.9051,null,Navitoclax (ABT-263),null,-2.2,null,null,3.648,69.398,-79.478,1.288,0,0.996,null,null,null,null,null,null,1.5,null,null,3.166,-66.232,-47.262,-46.336,null,null,null,null,null,null,null,null,8C3X1DHX1ZHN,QNERGCCCLASWNA,null,APP-SARSCoV2_PLpro-Kales,OWeorMwvRMWxotvxso,null,Bcl-xL Inhibitor,null,null,null,null,null,974.6,null,923564-51-6,BCL2L1,null,null,0,11,0,null,null,162462,0 0 0 0 0 0 0 0 0 0 0,1,1,null,null,null,null,null,null,1,null,298913861,KN01062023,null,HTS,18.756725,3.166,1.603,1.254,2.776,2.072,0.776,-2.763,-4.218,-14.391,-40.939,-66.232,null,null,null,null,null,null,null,null,null,null,null,null,null,null,258702322
APP-SARSCoV2-PLpro-f21-AMC-BiochemAssay-NPACT-Anti-infectives-cherrypicks,NCGC00402240-03,activity,15.665219,-2.2,-82.68,-79.098,COC1=CC(=CC2=CC=CC=C12)NC3=C(C=C(C=C3)[N+]([O-])=O)C(O)=O,null,null,null,null,H6091123,GLXC-03980,Glixx,null,-4.8051,null,MONNA,null,-2.2,null,null,4.599,84.743,-80.68,2.333,0,0.978,null,null,null,null,null,null,2,null,null,5.645,-79.098,-36.711,-33.41,null,null,null,null,null,null,null,null,MCYUKS4VTT3U,JIVRLHBAUUZTNC,null,APP-SARSCoV2_PLpro-Kales,ZFrYgdqpDTjyzCpDmF,null,Anoctamin-1 Blocker,null,null,null,null,null,338.3,363680996,1572936-83-4,null,null,null,0,11,0,null,null,162462,0 0 0 0 0 0 0 0 0 0 0,1,1,null,null,null,null,null,null,1,null,298913864,KN01062023,null,HTS,19.313056,5.151,2.904,3.577,5.645,2.61,0.991,-0.02,-2.494,-8.16,-28.671,-79.098,null,null,null,null,null,null,null,null,null,null,null,null,null,null,258702325
APP-SARSCoV2-PLpro-f21-AMC-BiochemAssay-NPACT-Anti-infectives-cherrypicks,NCGC00370906-01,activity,17.576665,-2.1,-98.995,-84.718,CC1(C)C\C=C(C2=CN=C3C=CC=CC3=C2)/C4=C1C=CC(=C4)C(=O)NC5=CC=C(C=C5)C(O)=O,null,null,null,null,H6091123,3660,Tocris,null,-4.7551,null,BMS 195614,null,-2.1,null,null,5.989,95.295,-91.495,4.095,0,0.992,null,null,null,null,null,null,7.5,null,null,10.577,-84.718,-7.202,-7.273,null,null,null,null,null,null,null,null,7CA6GT4SVW7Y,WGLMBRZXZDAQHP,null,APP-SARSCoV2_PLpro-Kales,UkxKqnpvmBHYhzBvhT,null,Retinoic acid receptor alpha Neutral Antagonist,null,null,null,null,null,448.5,363677925,3660,null,null,null,0,11,0,null,null,162462,0 0 0 0 0 0 0 0 0 0 0,1,1,null,null,null,null,null,null,1,null,298913865,KN01062023,null,HTS,18.395473,7.189,7.99,8.576,8.516,6.208,8.649,10.577,7.172,1.137,-17.643,-84.718,null,null,null,null,null,null,null,null,null,null,null,null,null,null,258702326
APP-SARSCoV2-PLpro-f21-AMC-BiochemAssay-NPACT-Anti-infectives-cherrypicks,NCGC00390369-01,activity,15.665219,-2.1,-88.963,-86.728,COC1=CC=C(C=C1)C(=O)[N]2C(=C(CC3=CC(=CC=C3)O[C@@H](C)C(O)=O)C4=CC(=CC=C24)OC(F)(F)F)C,null,null,null,null,H6091123,2764,Bio Vision,null,-4.8051,null,MRL-24,null,-2.1,null,null,5.517,88.674,-88.463,2.406,0,0.986,null,null,null,null,null,null,0.5,null,null,1.946,-86.728,-45.167,-43.844,null,null,null,null,null,null,null,null,9431159XV7LJ,OFCWBJAYEIROGZ,null,APP-SARSCoV2_PLpro-Kales,BnOrJbHeMqIxYsQNbC,null,Peroxisome proliferator-activated receptor gamma Partial Agonist,null,null,null,null,null,527.5,363680882,null,null,null,null,0,11,0,null,null,162462,0 0 0 0 0 0 0 0 0 0 0,1,1,null,null,null,null,null,null,1,null,298913866,KN01062023,null,HTS,17.469573,1.177,1.946,1.504,-1.179,-0.317,-1.434,0.831,-0.323,-5.978,-29.009,-86.728,null,null,null,null,null,null,null,null,null,null,null,null,null,null,258702327
APP-SARSCoV2-PLpro-f21-AMC-BiochemAssay-NPACT-Anti-infectives-cherrypicks,NCGC00386335-01,activity,12.443326,-2.2,-81.933,-63.439,O=C(NC1=NC2=CC=C(C=C2[NH]1)C(=O)C3=CC=CC=C3)C4=CSC(=N4)C5CCN(CC5)C6=C7SC=CC7=NC=N6,null,null,null,null,H6091123,S7273,Selleck,null,-4.9051,null,SC75741,null,-2.2,null,null,4.197,66.955,-79.933,1.134,0,0.997,null,null,null,null,null,null,2,null,null,3.516,-63.439,-46.3,-46.151,null,null,null,null,null,null,null,null,7VYKLQVVWYK6,QNZVBFMXWNWVKG,null,APP-SARSCoV2_PLpro-Kales,exNlodtmSRKICWASYV,null,Nuclear factor NF-kappa-B complex Inhibitor,null,null,null,null,null,565.7,363680219,913822-46-5,null,null,null,0,11,0,null,null,162462,0 0 0 0 0 0 0 0 0 0 0,1,1,null,null,null,null,null,null,1,null,298913867,KN01062023,null,HTS,19.561585,3.516,3.361,2.865,1.653,-0.187,0.666,-1.848,-4.888,-15.984,-39.601,-63.439,null,null,null,null,null,null,null,null,null,null,null,null,null,null,258702328
APP-SARSCoV2-PLpro-f21-AMC-BiochemAssay-NPACT-Anti-infectives-cherrypicks,NCGC00346572-02,activity,11.090126,-2.1,-125.323,-97.356,CC(C)C1=CC(=C(CC(=O)N[S+]([O-])(=O)OC2=C(C=CC=C2C(C)C)C(C)C)C(=C1)C(C)C)C(C)C,null,null,null,null,H6091123,S2187,Selleck,null,-4.9551,null,Avasimibe,null,-2.1,null,null,6.307,110.377,-113.323,1.478,0,0.997,null,null,null,null,null,null,12,null,null,13.021,-97.356,-27.307,-27.994,null,null,null,null,null,null,null,null,TCM1L6BJKGBV,TTWBTKWXGCWCDH,null,APP-SARSCoV2_PLpro-Kales,GfKmJxWfDuJWFYcJos,null,Cyp2C9 Inhibitor,null,null,null,null,null,501.7,363677457,166518-60-1,CYP2C9,null,null,0,11,0,null,null,162462,0 0 0 0 0 0 0 0 0 0 0,1,1,null,null,null,null,null,null,1,null,298913868,KN01062023,null,HTS,9.45214,6.953,11.997,12.575,12.776,13.021,12.429,10.932,8.252,-16.479,-57.407,-97.356,null,null,null,null,null,null,null,null,null,null,null,null,null,null,258702329
APP-SARSCoV2-PLpro-f21-AMC-BiochemAssay-NPACT-Anti-infectives-cherrypicks,NCGC00344041-02,activity,15.665219,-2.2,-69.419,-58.124,CCOC1=C2C=CC=CC2=C(OCC)C3=C1CN(C3=O)C4=CC=C(CC(=O)N[S+]([O-])(=O)C5=CC=CC=C5)C=C4,null,null,null,null,H6091123,4668,Tocris,null,-4.8051,null,GW 627368,null,-2.2,null,null,4.445,72.198,-58.919,2.333,0,0.965,null,null,null,null,null,null,10.5,null,null,14.074,-58.124,15.743,14.904,null,null,null,null,null,null,null,null,D4M7X69GGW4V,LUGHWPYNIBQZJV,null,APP-SARSCoV2_PLpro-Kales,DiVNYBYcCzlsBwoBYe,null,Thromboxane A2 receptor Antagonist,null,null,null,null,null,544.6,363677322,4668,null,null,null,0,11,0,null,null,162462,0 0 0 0 0 0 0 0 0 0 0,1,1,null,null,null,null,null,null,1,null,298913870,KN01062023,null,HTS,32.794997,4.703,11.999,14.074,12.469,12.324,12.401,10.714,6.415,3.428,-12.1,-58.124,null,null,null,null,null,null,null,null,null,null,null,null,null,null,258702331
APP-SARSCoV2-PLpro-f21-AMC-BiochemAssay-NPACT-Anti-infectives-cherrypicks,NCGC00159573-02,activity,13.961641,-2.2,-63.442,-52.261,O=C1NC(=O)C2=C3C(=C4[NH]C5=C(C=CC=C5)C4=C12)[NH]C6=C3C=CC=C6,null,null,null,null,H6091123,2457,Tocris,null,-4.8551,null,Arcyriaflavin A,null,-2.2,null,null,6.236,61.808,-56.442,1.862,0,0.978,null,null,null,null,null,null,7,null,null,9.547,-52.261,-4.212,-2.788,null,null,null,null,null,null,null,null,CQMQQPGBZC1M,KAJXOWFGKYKMMZ,null,APP-SARSCoV2_PLpro-Kales,IfJjaeeMxUxWpVEZJY,null,null,null,null,null,null,null,325.3,377020468,[118458-54-1],null,null,null,0,11,0,null,null,162462,0 0 0 0 0 0 0 0 0 0 0,1,1,null,null,null,null,null,null,1,null,298913873,KN01062023,null,HTS,39.840637,8.73,9.547,7.035,3.143,9.19,8.304,4.73,3.572,-2.289,-19.49,-52.261,null,null,null,null,null,null,null,null,null,null,null,null,null,null,258702334
APP-SARSCoV2-PLpro-f21-AMC-BiochemAssay-NPACT-Anti-infectives-cherrypicks,NCGC00345836-02,activity,15.665219,-2.2,-60.415,-55.799,FC(F)(F)C1=CC=CC(=C1)/C=C/2SC(=O)NC2=O,null,null,null,null,H6091123,TCS PIM-1 4a,Arking Pharma,null,-4.8051,null,SMI-4a,null,-2.2,null,null,10.385,60.872,-56.915,2.406,0,0.988,null,null,null,null,null,null,3.5,null,null,5.073,-55.799,-14.346,-14.383,null,null,null,null,null,null,null,null,HX998FFQD3UR,NGJLOFCOEOHFKQ,null,APP-SARSCoV2_PLpro-Kales,oUSPkrLAPCnopWHAle,null,Pim-1 Kinase Inhibitor,null,null,null,null,null,273.2,363677379,438190-29-5,PIM1,null,null,0,11,0,null,null,162462,0 0 0 0 0 0 0 0 0 0 0,1,1,null,null,null,null,null,null,1,null,298913876,KN01062023,null,HTS,35.644364,1.441,2.915,3.621,5.027,4.945,3.704,5.073,3.264,-1.159,-18.743,-55.799,null,null,null,null,null,null,null,null,null,null,null,null,null,null,258702337
APP-SARSCoV2-PLpro-f21-AMC-BiochemAssay-NPACT-Anti-infectives-cherrypicks,NCGC00485404-01,activity,12.443326,-2.1,-140.155,-114.901,CCCCCC1=CC=C(/C=C/C(=O)NC2=CC(=CC=C2C(O)=O)Cl)C=C1,null,null,null,null,H6091123,O0766,SIGMA,null,-4.9051,null,ONO-RS-082,null,-2.1,null,null,7.376,114.757,-141.328,1.248,0,1,null,null,null,null,null,null,-1.173,null,null,-0.144,-114.901,-99.947,-99.183,null,null,null,null,null,null,null,null,null,MDVFITMPFHDRBZ,null,APP-SARSCoV2_PLpro-Kales,NICLYVurpIdCpPijNt,null,Calcium-independent phospholipase A2 Inhibitor,null,null,null,null,null,371.9,363681317,99754-06-0,null,null,null,0,11,0,null,null,162462,0 0 0 0 0 0 0 0 0 0 0,1,1,null,null,null,null,null,null,1,null,298913880,KN01062023,null,HTS,7.677368,-0.144,-0.338,-1.103,-1.644,-2.074,-2.749,-5.093,-9.678,-30.998,-74.525,-114.901,null,null,null,null,null,null,null,null,null,null,null,null,null,null,258702341
APP-SARSCoV2-PLpro-f21-AMC-BiochemAssay-NPACT-Anti-infectives-cherrypicks,NCGC00390589-01,activity,9.884085,-2.1,-106.581,-83.797,CC[S+]([O-])(=O)N1CCC(CC1)[C@@H](C)[N]2C(=C(C(=O)NC/C3=C(OC)/C=C(/C)NC3=O)C4=CC=CC=C24)C,null,null,null,null,H6091123,HY-15956A,MedChem Express,null,-5.0051,null,CPI-169,null,-2.1,null,null,4.321,85.833,-105.081,1,0,0.999,null,null,null,null,null,null,1.5,null,null,2.036,-83.797,-76.422,-76.637,null,null,null,null,null,null,null,null,FX1YG4VZWYLF,BQRNXUJHFPSEAT,null,APP-SARSCoV2_PLpro-Kales,JMkinYFUhLzxugOcZm,null,null,null,null,null,null,null,528.7,363680918,null,null,null,null,0,11,0,null,null,162462,0 0 0 0 0 0 0 0 0 0 0,1,1,null,null,null,null,null,null,1,null,298913881,KN01062023,null,HTS,8.972244,-1.294,0.912,1.974,2.036,0.941,0.825,-2.721,-12.756,-32.594,-58.919,-83.797,null,null,null,null,null,null,null,null,null,null,null,null,null,null,258702342
APP-SARSCoV2-PLpro-f21-AMC-BiochemAssay-NPACT-Anti-infectives-cherrypicks,NCGC00485023-01,activity,17.576665,-2.2,-70.581,-54.888,OC(=O)C1=CC=C\2C(=C1)CC[C@@H]3[C@H](C4CCCC4)N(/N=C23)C5=CC(=C(C=C5)C#N)Cl,>30,272.07,26.60491,null,H6091123,PZ0031,SIGMA,null,-4.7551,null,PF-03882845,null,-3,null,null,6.192,67.151,-59.581,4.095,0,0.995,null,null,null,null,null,null,11,null,null,12.263,-54.888,23.91,22.342,null,null,null,null,null,null,null,null,null,XNULRSOGWPFPBL,null,APP-SARSCoV2_PLpro-Kales,BtEOwJPfSIdmaKPRnu,null,Mineralocorticoid receptor Antagonist,null,null,null,null,null,419.9,363681191,1023650-66-9,null,null,null,0,11,0,null,null,162462,0 0 0 0 0 0 0 0 0 0 0,1,1,null,null,null,null,null,null,1,null,298913882,KN01062023,null,HTS,26.312556,10.145,10.968,10.421,11.574,11.732,10.889,12.22,12.263,8.315,-4.549,-54.888,null,null,null,null,null,null,null,null,null,null,null,null,null,null,258702343
APP-SARSCoV2-PLpro-f21-AMC-BiochemAssay-NPACT-Anti-infectives-cherrypicks,NCGC00389741-01,activity,22.12771,-2.1,-122.989,-96.565,COC1=CC2=C(C=C1)C=C(C=C2)C3=CC(=N[N]3C(C)C4=CC=C(C=C4)C(=O)NCCC(O)=O)C5=CC(=CC(=C5)Cl)Cl,null,null,null,null,H6091123,A3608,APExBIO,null,-4.6551,null,MK 0893,null,-2.1,null,null,4.976,96.748,-123.989,2.121,0,0.997,null,null,null,null,null,null,-1,null,null,0.183,-96.565,-53.787,-54.009,null,null,null,null,null,null,null,null,266JLM13Z5C3,DNTVJEMGHBIUMW,null,APP-SARSCoV2_PLpro-Kales,kYLXdKSvTRrfNutckG,null,Glucagon receptor Antagonist,null,null,null,null,null,588.5,363680844,870823-12-4,null,null,null,0,11,0,null,null,162462,0 0 0 0 0 0 0 0 0 0 0,1,1,null,null,null,null,null,null,1,null,298913884,KN01062023,null,HTS,18.394769,-3.076,-4.078,-2.62,0.092,-0.405,0.183,-0.651,-0.979,-2.654,-31.836,-96.565,null,null,null,null,null,null,null,null,null,null,null,null,null,null,258702345
APP-SARSCoV2-PLpro-f21-AMC-BiochemAssay-NPACT-Anti-infectives-cherrypicks,NCGC00354780-01,activity,17.576665,-2.2,-84.859,-74.893,COC1=C(O)C=CC(=C1)/C=C/C2=C[N](N=C2/C=C/C3=CC(=C(O)C=C3)OC)C4=CC=C(C=C4)C([O-])=O,null,null,null,null,H6091123,382115,CalBioChem,null,-4.7551,null,null,null,-2.2,null,null,4.065,81.302,-81.359,4.095,0,0.993,null,null,null,null,null,null,3.5,null,null,6.409,-74.893,-17.693,-20.499,null,null,null,null,null,null,null,null,2NWQFQKAXFLD,QEGCBGKGAYGEHC,null,APP-SARSCoV2_PLpro-Kales,vdqCxMYzOOgQvUtkbF,null,null,null,null,SODIUM,null,null,483.5,null,null,null,null,null,0,11,0,null,null,162462,0 0 0 0 0 0 0 0 0 0 0,1,1,null,null,null,null,null,null,1,null,298913886,KN01062023,null,HTS,19.697601,1.076,3.843,3.316,3.301,4.464,6.409,4.433,4.595,0.724,-15.777,-74.893,null,null,null,null,null,null,null,null,null,null,null,null,null,null,258702347
APP-SARSCoV2-PLpro-f21-AMC-BiochemAssay-NPACT-Anti-infectives-cherrypicks,NCGC00371135-01,activity,9.631645,-2.2,-107.599,-76.59,COC1=CC=C(C=C1N[S+]([O-])(=O)C2=CC(=CC(=C2O)Cl)Cl)C3=CC=CC=C3,null,null,null,null,H6091123,BMS303141,Arking Pharma,null,-5.0163,null,BMS303141,null,-2.2,null,null,6.138,88.96,-98.099,1.862,0,0.992,null,null,null,null,null,null,9.5,null,null,12.37,-76.59,-25.625,-26.176,null,null,null,null,null,null,null,null,WCMYUT3S4CL3,KZYRNZYTOHNCHK,null,APP-SARSCoV2_PLpro-Kales,BGsmzKiMxoHCGgrjya,null,ATP-citrate synthase Inhibitor,null,null,null,null,null,424.3,363678051,943962-47-8,null,null,null,0,11,0,null,null,162462,0 0 0 0 0 0 0 0 0 0 0,1,1,null,null,null,null,null,null,1,null,298913888,KN01062023,null,HTS,9.8343,6.327,12.37,12.174,11.845,9.87,9.769,9.264,5.562,-0.809,-24.464,-76.59,null,null,null,null,null,null,null,null,null,null,null,null,null,null,258702349
APP-SARSCoV2-PLpro-f21-AMC-BiochemAssay-NPACT-Anti-infectives-cherrypicks,NCGC00343893-01,activity,9.884085,-2.2,-80.901,-64.084,[O-][S+](=O)(NC1=NC=CS1)C2=CC=C(NC(=O)C3=CC(=NC4=C3C=CC=C4)C5=CC=CC=C5)C=C2,>30,<6.3,0.09874,null,H6091123,RAP11-022,NCGCChem,null,-5.0051,0.202,null,null,-2.2,null,10.284,3.447,75.914,-69.901,1.862,0,0.999,null,null,null,null,null,null,11,null,null,11.83,-64.084,-3.416,-4.614,null,null,null,null,null,null,null,null,QY97NX8NH6CC,LRFRUNBEDLZEEZ,null,APP-SARSCoV2_PLpro-Kales,EFxecQjvSruWbfCWkf,null,null,null,null,TFA,null,null,486.6,161004115,null,null,null,null,0,11,0,null,null,162462,0 0 0 0 0 0 0 0 0 0 0,1,1,null,null,null,null,null,null,1,null,298913891,KN01062023,null,HTS,16.212429,9.795,10.876,11.738,11.218,11.83,11.359,11.53,8.975,-4.072,-40.221,-64.084,null,null,null,null,null,null,null,null,null,null,null,null,null,null,258702352
APP-SARSCoV2-PLpro-f21-AMC-BiochemAssay-NPACT-Anti-infectives-cherrypicks,NCGC00387483-01,activity,15.665219,-2.2,-72.264,-69.866,COC(=O)C1=CC2=C(C=C(C=C2[N]1O)C3=CC=CC=C3)C(F)(F)F,null,null,null,null,H6091123,5363,Tocris,null,-4.8051,null,NHI 2,null,-2.2,null,null,9.319,74.125,-71.264,2.406,0,0.985,null,null,null,null,null,null,1,null,null,4.259,-69.866,-34.586,-32.722,null,null,null,null,null,null,null,null,R9WTZYS6K5WM,YPPFWRWCZNXINO,null,APP-SARSCoV2_PLpro-Kales,FHcxqEVmMrwlTYEULv,null,L-lactate dehydrogenase A chain Inhibitor,null,null,null,null,null,335.3,363680637,[1269802-97-2],null,null,null,0,11,0,null,null,162462,0 0 0 0 0 0 0 0 0 0 0,1,1,null,null,null,null,null,null,1,null,298913894,KN01062023,null,HTS,22.34845,4.259,1,1.977,2.411,3.742,-1.283,0.792,-3.046,-3.35,-27.483,-69.866,null,null,null,null,null,null,null,null,null,null,null,null,null,null,258702355
APP-SARSCoV2-PLpro-f21-AMC-BiochemAssay-NPACT-Anti-infectives-cherrypicks,NCGC00386266-01,activity,3.934925,-1.1,-129.45,-116.918,CC1=C(NC(=O)C2=CC(=CC(=C2[O-])I)I)C=C(Cl)C(=C1)C(C#N)C3=CC=C(Cl)C=C3,null,null,null,null,H6091123,S4105,Selleck,null,-5.4051,null,Closantel Sodium,null,-1.1,null,null,7.107,131.214,-116.45,1.692,0,0.999,null,null,null,null,null,null,13,null,null,14.296,-116.918,-79.744,-80.195,null,null,null,null,null,null,null,null,SDZNMMPYWU9G,JMPFSEBWVLAJKM,null,APP-SARSCoV2_PLpro-Kales,jJxPbmyZDlowsfqDXN,null,null,null,null,SODIUM,null,null,662.1,363680175,61438-64-0,null,null,null,0,11,0,null,null,162462,0 0 0 0 0 0 0 0 0 0 0,1,1,null,null,null,null,null,null,1,null,298913895,KN01062023,null,HTS,3.326205,12.61,12.696,13.76,14.296,12.929,10.513,8.127,-5.373,-58.224,-99.534,-116.918,null,null,null,null,null,null,null,null,null,null,null,null,null,null,258702356
APP-SARSCoV2-PLpro-f21-AMC-BiochemAssay-NPACT-Anti-infectives-cherrypicks,NCGC00345858-03,activity,12.443326,-2.2,-83.288,-76.656,FC1=C(NC(=O)C2=C(Cl)C(=CC=C2)C3(CC3)C#N)C=C(OC4=NC5=C(C=C4)N=C(NC(=O)C6CC6)S5)C=C1,null,null,null,null,H6091123,SYN-1168,SynKinase,null,-4.9051,null,Takeda-6d,null,-2.2,null,null,null,78.041,-82.788,1.989,0,0.996,null,null,null,null,null,null,0.5,null,null,1.385,-76.656,-50.309,-49.425,null,null,null,null,null,null,null,null,null,MDPMAXSABUPRJI,null,APP-SARSCoV2_PLpro-Kales,FAxHBhvslvzCKBEtav,null,VEGFR-2 Inhibitor,null,null,null,null,null,null,384568772,1125632-93-0,FLT1,null,null,0,11,0,null,null,162462,0 0 0 0 0 0 0 0 0 0 0,1,1,null,null,null,null,null,null,1,null,298913896,KN01062023,null,HTS,15.384414,1.385,-0.797,1.088,1.178,-0.751,-1.97,-0.781,1.098,-9.973,-41.05,-76.656,null,null,null,null,null,null,null,null,null,null,null,null,null,null,258702357
APP-SARSCoV2-PLpro-f21-AMC-BiochemAssay-NPACT-Anti-infectives-cherrypicks,NCGC00263142-04,activity,15.665219,-2.1,-116.772,-109.048,OC(=O)C(=O)C1=C[N](CC2=CC=CC=C2)C3=CC=C(C=C13)C4=CC=C(OC(F)(F)F)C=C4,null,null,null,null,H6091123,GLXC-04469,Glixx,null,-4.8051,null,Tiplasinin,null,-2.1,null,null,7.001,111.541,-117.772,2.333,0,0.992,null,null,null,null,null,null,-1,null,null,2.493,-109.048,-66.475,-65.812,null,null,null,null,null,null,null,null,18811ZZU126Z,ODXQFEWQSHNQNI,null,APP-SARSCoV2_PLpro-Kales,HqaViKKsGbyXwVFNCp,null,PAI Inhibitor,null,null,null,null,null,439.4,363677226,393105-53-8,SERPINE1,null,null,0,11,0,null,null,162462,0 0 0 0 0 0 0 0 0 0 0,1,1,null,null,null,null,null,null,1,null,298913897,KN01062023,null,HTS,13.75079,-0.92,-0.524,2.493,-0.646,0.536,2.381,-0.895,-3.935,-13.602,-47.604,-109.048,null,null,null,null,null,null,null,null,null,null,null,null,null,null,258702358
APP-SARSCoV2-PLpro-f21-AMC-BiochemAssay-NPACT-Anti-infectives-cherrypicks,NCGC00402365-02,activity,15.665219,-2.2,-84.074,-78.013,CC1=CC=C(C=C1)[C@@H]2C/C=C([C@@H](N2[S+]([O-])(=O)C3=CC=C(C)C=C3)C4=CC=C(C=C4)C(C)(C)C)/C(O)=O,null,null,null,null,H6091123,GLXC-05835,Glixx,null,-4.8051,null,PAFAH1b2/3-IN-P11,null,-2.2,null,null,5.949,84.609,-79.574,2.406,0,0.987,null,null,null,null,null,null,4.5,null,null,6.596,-78.013,-23.277,-21.821,null,null,null,null,null,null,null,null,SN59HLAWTNNX,GYSKDUBYBCAFEZ,null,APP-SARSCoV2_PLpro-Kales,snkzvnaVdEWQRxTVrx,null,Platelet-activating factor acetylhydrolase IB gamma subunit Inhibitor,null,null,null,null,null,503.7,363681043,942285-55-4,null,null,null,0,11,0,null,null,162462,0 0 0 0 0 0 0 0 0 0 0,1,1,null,null,null,null,null,null,1,null,298913899,KN01062023,null,HTS,19.48549,3.85,5.75,6.255,5.607,5.88,6.596,4.597,3.046,-4.667,-28.641,-78.013,null,null,null,null,null,null,null,null,null,null,null,null,null,null,258702360
APP-SARSCoV2-PLpro-f21-AMC-BiochemAssay-NPACT-Anti-infectives-cherrypicks,NCGC00480721-01,activity,6.997396,-1.2,-84.831,-69.19,CSC1=NC(=CC(=N1)N)OC2=CC=C(C=C2)C3=NN=C(NC4=CC(=CC=C4)C(F)(F)F)[NH]3,null,null,null,null,H6091123,5260,Tocris,null,-5.1551,null,KG 5,null,-1.2,null,null,4.493,79.774,-74.831,1.967,0,0.996,null,null,null,null,null,null,10,null,null,10.583,-69.19,-24.25,-24.284,null,null,null,null,null,null,null,null,null,CMYHZFCJPORPHY,null,APP-SARSCoV2_PLpro-Kales,XKqtcDSovMQIzyFcBC,null,null,null,null,null,null,null,459.4,377020289,[877874-85-6],null,null,null,0,11,0,null,null,162462,0 0 0 0 0 0 0 0 0 0 0,1,1,null,null,null,null,null,null,1,null,298913900,KN01062023,null,HTS,9.987208,9.741,8.726,10.263,10.583,10.204,7.325,8.358,6.883,-11.018,-58.118,-69.19,null,null,null,null,null,null,null,null,null,null,null,null,null,null,258702361
APP-SARSCoV2-PLpro-f21-AMC-BiochemAssay-NPACT-Anti-infectives-cherrypicks,NCGC00371145-05,activity,11.090126,-2.1,-116.311,-91.145,CN1/N=C(\N=C/2C(=O)N(C)C(=O)/N=C12)C3=CC=C(C=C3)C(F)(F)F,null,null,null,null,H6091123,DC7532,DC Chemicals,null,-4.9551,null,Walrycin B,null,-2.1,null,null,6.369,93.13,-120.311,0.5,0.002,0.917,null,null,null,null,null,null,-4,null,null,1.985,-91.145,-136.267,-134.164,null,null,null,null,null,null,null,null,null,XRVMPTWWKLKLPB,null,APP-SARSCoV2_PLpro-Kales,tqlauTYsUbaUMchEcO,null,Transcriptional regulatory protein YycF Inhibitor,null,null,null,null,null,337.3,null,878419-78-4,walR,937776,null,0,11,0,null,null,162462,0 0 0 0 0 0 0 0 0 0 0,1,1,null,null,null,null,null,null,1,null,298913901,KN01062023,null,HTS,5.608282,1.985,-1.585,-4.567,-12.144,-21.961,-25.723,-28.16,-27.977,-35.152,-64.91,-91.145,null,null,null,null,null,null,null,null,null,null,null,null,null,null,258702362
APP-SARSCoV2-PLpro-f21-AMC-BiochemAssay-NPACT-Anti-infectives-cherrypicks,NCGC00025307-02,activity,12.443326,-2.2,-91.428,-79.563,CC(C)=CCC1=CC=CC2=C1[NH]C=C2\C3=C(O)\C(=O)C(=C(O)/C3=O)\C4=C([NH]C5=C4C=CC=C5)C(C)(C)C=C,null,null,null,null,H6091123,1819,Tocris,null,-4.9051,null,Demethylasterriquinone B1,null,-2.2,null,null,4.615,87.148,-85.928,1.928,0,0.994,null,null,null,null,null,null,5.5,null,null,7.585,-79.563,-30.829,-30.301,null,null,null,null,null,null,null,null,GV2NFX3VTCVR,XMGNJVXBPZAETK,null,APP-SARSCoV2_PLpro-Kales,crxJptpebdEXuBVTkl,null,null,null,null,null,null,null,506.6,377020354,[78860-34-1],null,null,null,0,11,0,null,null,162462,0 0 0 0 0 0 0 0 0 0 0,1,1,null,null,null,null,null,null,1,null,298913902,KN01062023,null,HTS,14.769929,7.585,6.678,5.326,4.064,7.305,4.405,3.752,2.746,-7.561,-38.892,-79.563,null,null,null,null,null,null,null,null,null,null,null,null,null,null,258702363
APP-SARSCoV2-PLpro-f21-AMC-BiochemAssay-NPACT-Anti-infectives-cherrypicks,NCGC00485429-01,activity,13.961641,-2.1,-100.003,-81.947,CCN(CC)C1=CC=C2C(=O)C(=C/NC3=CC=C(CC(O)=O)C(=C3)C4=C5CC(CCC5=NC6=CC=CC=C46)C(=O)NN)/C(=O)OC2=C1,null,null,null,null,H6091123,SML0624,SIGMA,null,-4.8551,null,PE 154,null,-2.1,null,null,2.96,95.564,-88.503,1.862,0,0.984,null,null,null,null,null,null,11.5,null,null,13.617,-81.947,-1.504,-2.126,null,null,null,null,null,null,null,null,null,UYUDDVCVNXNAOT,null,APP-SARSCoV2_PLpro-Kales,BvIWRFQqTOoacSVvuV,null,Butyrylcholinesterase Inhibitor,null,null,null,null,null,633.7,363681334,1192750-33-6,null,null,null,0,11,0,null,null,162462,0 0 0 0 0 0 0 0 0 0 0,1,1,null,null,null,null,null,null,1,null,298913903,KN01062023,null,HTS,16.065415,9.519,13.617,12.55,13.098,13.33,13.123,12.369,6.829,-5.058,-29.852,-81.947,null,null,null,null,null,null,null,null,null,null,null,null,null,null,258702364
APP-SARSCoV2-PLpro-f21-AMC-BiochemAssay-NPACT-Anti-infectives-cherrypicks,NCGC00167794-02,activity,2.212771,-1.1,-94.422,-99.444,CC1=NC2=C(S1)C(=O)\C=C(NC3=CC=C(C)C=C3)/C2=O,null,null,null,null,H6091123,2609,Tocris,null,-5.6551,null,Ryuvidine,null,-1.1,null,null,9.559,96.76,-99.643,4.955,0,0.998,null,null,null,null,null,null,-5.221,null,null,-2.684,-99.444,-152.954,-151.315,null,null,null,null,null,null,null,null,PQYWFUTN5CBX,HFPLHASLIOXVGS,null,APP-SARSCoV2_PLpro-Kales,KnpWmJguMnOuoIGXvo,null,null,null,null,null,null,null,284.3,null,[265312-55-8],null,null,null,0,11,0,null,null,162462,0 0 0 0 0 0 0 0 0 0 0,1,1,null,null,null,null,null,null,1,null,298913904,KN01062023,null,HTS,2.215975,-2.684,-4.375,-4.838,-4.189,-5.733,-8.419,-8.936,-15.578,-97.667,-99.218,-99.444,null,null,null,null,null,null,null,null,null,null,null,null,null,null,258702365
APP-SARSCoV2-PLpro-f21-AMC-BiochemAssay-NPACT-Anti-infectives-cherrypicks,NCGC00490687-03,activity,7.851208,-1.2,-68.766,-73.435,COC1=CC(=CC=C1)N2C(=O)NC3=C([N](C(=C3)Cl)C4=CC=C(C=C4)C5=C(O)C(=CC=C5)OC)C2=O,null,null,null,null,H6091123,S7898,Selleck,null,-5.1051,null,GSK621,null,-1.2,null,null,null,68.555,-74.622,2.406,0,0.999,null,null,null,null,null,null,-5.856,null,null,-4.88,-73.435,-83.518,-84.062,null,null,null,null,null,null,null,null,null,KURYSXLJGKKDHT,null,APP-SARSCoV2_PLpro-Kales,nUBYKolaBMFjXrPDyA,null,null,null,null,null,null,null,null,null,1346607-05-3,null,null,null,0,11,0,null,null,162462,0 0 0 0 0 0 0 0 0 0 0,1,1,null,null,null,null,null,null,1,null,298913905,KN01062023,null,HTS,10.538538,-7.003,-6.015,-6.436,-6.945,-4.88,-5.841,-4.947,-5.47,-20.12,-58.988,-73.435,null,null,null,null,null,null,null,null,null,null,null,null,null,null,258702366
APP-SARSCoV2-PLpro-f21-AMC-BiochemAssay-NPACT-Anti-infectives-cherrypicks,NCGC00386303-01,activity,12.443326,-2.1,-149.754,-119.141,OC1=C(Br)C=C(C=C1Br)C2=NOC(=N2)C(=O)NCC3=CC=C(OC4=CC=CC=C4)C=C3,null,null,null,null,H6091123,S7329,Selleck,null,-4.9051,null,IOWH032,null,-2.1,null,null,5.027,128.318,-142.254,1.478,0,0.999,null,null,null,null,null,null,7.5,null,null,9.177,-119.141,-59.432,-60.168,null,null,null,null,null,null,null,null,XK1HFJGAM8U7,DSFNLJXHXBIKDS,null,APP-SARSCoV2_PLpro-Kales,BmpNIkWyRZdcSRGEmN,null,Cystic fibrosis transmembrane conductance regulator Inhibitor,null,null,null,null,null,545.2,363680196,1191252-49-9,null,null,null,0,11,0,null,null,162462,0 0 0 0 0 0 0 0 0 0 0,1,1,null,null,null,null,null,null,1,null,298913906,KN01062023,null,HTS,8.221737,5.308,8.193,9.177,8.234,8.234,8.529,5.553,0.285,-19.379,-71.841,-119.141,null,null,null,null,null,null,null,null,null,null,null,null,null,null,258702367
APP-SARSCoV2-PLpro-f21-AMC-BiochemAssay-NPACT-Anti-infectives-cherrypicks,NCGC00387254-02,activity,15.665219,-2.2,-62.041,-60.824,CCC1=C(C2=CC=CC=C2)C(=N[N]1C3=CC=CC=C3C4=CC=CC(=C4)OCC(O)=O)C5=CC=CC=C5,null,null,null,null,H6091123,CD0201,Chemdea,null,-4.8051,null,FABP4 inhibitor ,null,-2.2,null,null,7.455,62.205,-62.041,2.406,0,0.986,null,null,null,null,null,null,0,null,null,1.381,-60.824,-32.391,-32.274,null,null,null,null,null,null,null,null,M9G6WXGT96UW,SJRVJRYZAQYCEE,null,APP-SARSCoV2_PLpro-Kales,XWykGVyOUjBNyWieos,null,"Fatty acid-binding protein, brain Inhibitor",null,null,null,null,null,474.5,363680595,300657-03-8,FABP7,2173,null,0,11,0,null,null,162462,0 0 0 0 0 0 0 0 0 0 0,1,1,null,null,null,null,null,null,1,null,298913907,KN01062023,null,HTS,28.306451,-0.344,-0.459,0.082,-0.26,1.381,0.407,1.192,0.471,-6.055,-21.488,-60.824,null,null,null,null,null,null,null,null,null,null,null,null,null,null,258702368
APP-SARSCoV2-PLpro-f21-AMC-BiochemAssay-NPACT-Anti-infectives-cherrypicks,NCGC00092344-07,activity,22.12771,-2.2,-81.409,-66.597,CC1=CC(=CC=C1OCC(O)=O)SCC2=C(C)N=C(S2)C3=CC=C(C(=C3)F)C(F)(F)F,null,null,null,null,H6091123,S8020,Selleck,null,-4.6551,null,GW-0742,null,-2.2,null,null,7.821,67.692,-81.909,2.473,0,0.997,null,null,null,null,null,null,-0.5,null,null,1.095,-66.597,-35.02,-34.018,null,null,null,null,null,null,null,null,GJF9H9JBGBA7,HWVNEWGKWRGSRK,null,APP-SARSCoV2_PLpro-Kales,cShJjCwzfvFZauYeVT,null,PPARgamma Agonist,null,null,null,null,null,471.5,363676560,317318-84-6,PPARG,null,null,0,11,0,null,null,162462,0 0 0 0 0 0 0 0 0 0 0,1,1,null,null,null,null,null,null,1,null,298913909,KN01062023,null,HTS,26.534779,0.158,-0.807,-1.17,-0.925,-0.218,-0.848,-0.272,1.095,-4.876,-18.389,-66.597,null,null,null,null,null,null,null,null,null,null,null,null,null,null,258702372
APP-SARSCoV2-PLpro-f21-AMC-BiochemAssay-NPACT-Anti-infectives-cherrypicks,NCGC00370944-01,activity,12.443326,-2.1,-125.341,-114.843,CC1(C)CCC(C)(C)C2=CC\3=C(SC4=CC=CC=C4\N=C3C5=CC=C(C=C5)C(O)=O)C=C12,null,null,null,null,H6091123,3913,Tocris,null,-4.9051,null,HX 630,null,-2.1,null,null,9.857,119.297,-123.341,1.989,0,0.994,null,null,null,null,null,null,2,null,null,4.454,-114.843,-67.679,-68.305,null,null,null,null,null,null,null,null,SNZZX89CZ5QY,PFGCWQPTOKPRRK,null,APP-SARSCoV2_PLpro-Kales,UQbgNnBDQHhafBTsAQ,null,Retinoid X receptor gamma Agonist,null,null,null,null,null,441.6,363677949,3913,null,null,null,0,11,0,null,null,162462,0 0 0 0 0 0 0 0 0 0 0,1,1,null,null,null,null,null,null,1,null,298913911,KN01062023,null,HTS,10.263044,4.109,0.264,4.454,3.349,3.652,-0.29,2.633,-4,-13.439,-59.361,-114.843,null,null,null,null,null,null,null,null,null,null,null,null,null,null,258702374
APP-SARSCoV2-PLpro-f21-AMC-BiochemAssay-NPACT-Anti-infectives-cherrypicks,NCGC00159569-02,activity,13.961641,-2.2,-66.775,-51.705,FC1=CC=C(NC2=C(NC3=CC=C(F)C=C3)C=C4C(=O)NC(=O)C4=C2)C=C1,null,null,null,"DAPH 2;CGP 53353;NCGC00159569-02;5,6-Bis[(4-fluorophenyl)amino]-2H-isoindole-1,3-dione;CGP53353;",H6091123,C7866,SigmaAldrich,null,-4.8551,0.247,CGP 53353,null,-2.2,null,13.286,6.903,67.705,-55.275,2.406,0,0.988,null,null,null,null,null,null,11.5,null,null,16,-51.705,17.822,18.144,null,null,null,null,null,null,null,null,6TFW7JYZHZDN,RONQPWQYDRPRGG,null,APP-SARSCoV2_PLpro-Kales,SOobGyPbQWbUMPugnU,null,null,null,null,null,null,null,365.3,29215546,null,null,null,null,0,11,0,null,null,162462,0 0 0 0 0 0 0 0 0 0 0,1,1,null,null,null,null,null,null,1,null,298913913,KN01062023,null,HTS,35.548768,9.589,12.131,12.707,16,12.672,10.41,9.627,7.783,6.406,-18.636,-51.705,null,null,null,null,null,null,null,null,null,null,null,null,null,null,258702376
APP-SARSCoV2-PLpro-f21-AMC-BiochemAssay-NPACT-Anti-infectives-cherrypicks,NCGC00485908-01,activity,7.851208,-1.2,-59.125,-56.771,OC(=O)\C=C\C1=CC=C(C=C1)C2=CC=C(O)C(=C2)C34CC5CC(CC(C5)C3)C4,null,null,null,null,H6091123,HY-14808,MedChem Express,null,-5.1051,null,Adarotene,null,-1.2,null,null,8.858,61.421,-57.125,2.787,0,0.975,null,null,null,null,null,null,2,null,null,4.65,-56.771,-37.921,-37.927,null,null,null,null,null,null,null,null,null,QAWBIEIZDDIEMW,null,APP-SARSCoV2_PLpro-Kales,uXkphQYEZOKjSWFsWg,null,apoptotic process Activator,null,null,null,null,null,374.5,363681407,496868-77-0,null,null,null,0,11,0,null,null,162462,0 0 0 0 0 0 0 0 0 0 0,1,1,null,null,null,null,null,null,1,null,298913914,KN01062023,null,HTS,15.797101,1.239,3.564,4.65,-7.74,3.4,3.885,4.08,1.579,-7.498,-45.897,-56.771,null,null,null,null,null,null,null,null,null,null,null,null,null,null,258702377
APP-SARSCoV2-PLpro-f21-AMC-BiochemAssay-NPACT-Anti-infectives-cherrypicks,NCGC00385147-01,activity,8.634282,-2.1,-119.392,-83.251,OC[C@H]1O[C@@H](OC2=CC=C(O)C3=CC=CC(=C23)O)[C@H](O)[C@@H](O)[C@@H]1O,null,null,null,null,H6091123,NP-019140,Analyticon,null,-5.0638,null,null,null,-2.1,null,null,3.619,95.928,-109.892,0.9,0,0.986,null,null,null,null,null,null,9.5,null,null,12.677,-83.251,-54.29,-53.212,null,null,null,null,null,null,null,null,LTWSQ4TLQC63,LASMTIIWUCJLEH,null,APP-SARSCoV2_PLpro-Kales,QuXmDMtpsyfqHZYBDW,null,<MOA Unknown> | Class: Polyketide | Genus: N/A | Family: N/A | Species: N/A,null,null,null,null,null,338.3,363679560,null,null,null,null,0,11,0,null,null,162462,0 0 0 0 0 0 0 0 0 0 0,1,1,null,null,null,null,null,null,1,null,298913915,KN01062023,null,HTS,7.065087,10.615,9.39,9.265,10.652,12.677,5.018,0.422,-10.697,-21.409,-45.227,-83.251,null,null,null,null,null,null,null,null,null,null,null,null,null,null,258702378
APP-SARSCoV2-PLpro-f21-AMC-BiochemAssay-NPACT-Anti-infectives-cherrypicks,NCGC00390588-01,activity-control,6.056322,-1.1,-96.358,-84.173,CC[S+]([O-])(=O)N1CCC(CC1)C(C)[N]2C(=C(C(=O)NC\C3=C(OC)\C=C(\C)NC3=O)C4=C2C=CC=C4)C,null,null,null,null,H6091123,HY-15956,MedChem Express,null,-5.2178,null,CPI-169 racemate,null,-1.1,null,null,4.505,100.786,-94.358,1.111,0,0.977,null,null,null,null,null,null,2,null,null,8.277,-92.508,-76.067,-77.616,null,null,null,null,null,null,null,null,FX1PL22VLUR6,BQRNXUJHFPSEAT,null,APP-SARSCoV2_PLpro-Kales,JMkinYFUhLzxoCpjdq,null,null,null,null,null,null,null,528.7,384569199,1450655-76-1,null,null,null,null,32,0,null,null,162462,0 0 0 0 0 0 0 0 0 0 0 0 0 0 0 0 0 0 0 0 0 0 0 0 0 0 0 0 0 0 0 0,null,null,null,"258,702,383,258,702,000",null,null,null,null,null,null,298913917,KN01062023,null,HTS,6.745428,null,null,null,null,null,null,null,null,null,null,null,null,null,null,null,null,null,null,null,null,null,null,null,null,null,258702387
